node_id,station_code,station_name,epoch_ms,ts_utc,ts_eat,latitude,longitude,t_air_c,rain_mm,solar_wm2,rh_pct,wind_kmh,wind_max_kmh,quality_flags,scraped_at_utc
4277,45714,Buyende Bugaya,1723832963000,2024-08-16T18:29:23+00:00,2024-08-16T21:29:23+03:00,0.6044720440260122,33.31576667756081,0.0,0.0,0.0,0.0,0.0,0.0,stale_gt_24h;all_zero_dead,2026-09-07T17:55:39Z
8765,45675,Serere Bugondo,1788664500000,2026-09-06T03:15:00+00:00,2026-09-06T06:15:00+03:00,1.097479651374732,33.64937071227365,22.78477,0.0,0.0,73.4493,0.546273,0.561532,stale_gt_24h,2026-09-07T17:55:39Z
10370,512617,Buyende Kidera1,1788667200000,2026-09-06T04:00:00+00:00,2026-09-06T07:00:00+03:00,1.1422340713387091,33.28025782663991,23.05943,0.0,0.0,83.64844,0.0,0.0,stale_gt_24h,2026-09-07T17:55:39Z
12322,853288,Mukono MpomaNARO,1788665400000,2026-09-06T03:30:00+00:00,2026-09-06T06:30:00+03:00,0.43139972334080506,32.76783671304598,20.95674,0.0,0.0,90.28,1.054704,,stale_gt_24h,2026-09-07T17:55:39Z
14926,45633,NARO NaFIRRI,1788468300000,2026-09-03T20:45:00+00:00,2026-09-03T23:45:00+03:00,1.235370347638686,34.5658177333764,-39.9176,0.0,0.0,0.09918365,1.614404,6.442359,stale_gt_24h;temp_sensor_suspect,2026-09-07T17:55:39Z
15657,45702,Kaberamaido Ochero,1723818148000,2024-08-16T14:22:28+00:00,2024-08-16T17:22:28+03:00,1.680151646396404,33.017621295791955,0.0,0.0,0.0,0.0,0.0,0.0,stale_gt_24h;all_zero_dead,2026-09-07T17:55:39Z
18560,511047,Sheema SheemaTC,1787050800000,2026-08-18T11:00:00+00:00,2026-08-18T14:00:00+03:00,-0.6017964913329138,30.36425581214016,27.19,0.0,279.5758,50.76,8.209353,12.68025,stale_gt_24h,2026-09-07T17:55:39Z
18638,511041,Rubirizi RubiriziTC,1788667200000,2026-09-06T04:00:00+00:00,2026-09-06T07:00:00+03:00,0.1271221401207738,30.34444257376743,20.18,0.0,0.0,999.0,2.893111,5.108721,stale_gt_24h;rh_sensor_suspect,2026-09-07T17:55:39Z
18675,511038,Bushenyi KyamuhungaTC,1788666300000,2026-09-06T03:45:00+00:00,2026-09-06T06:45:00+03:00,-0.4290271895581546,30.06060617605756,18.79,0.0,0.0,100.0,3.8056,5.212481,stale_gt_24h,2026-09-07T17:55:39Z
18748,511032,Mitooma MitoomaTC,1788464210000,2026-09-03T19:36:50+00:00,2026-09-03T22:36:50+03:00,-0.6253117005045399,30.02292725210472,0.0,0.0,0.0,0.0,0.0,0.0,stale_gt_24h;all_zero_dead,2026-09-07T17:55:39Z
18831,511028,Kibuku KadamaTC,1788666300000,2026-09-06T03:45:00+00:00,2026-09-06T06:45:00+03:00,1.2356390945516376,33.7546793677874,22.57,100000.0,100000.0,88.68,2.462806,4.016175,stale_gt_24h,2026-09-07T17:55:39Z
19036,511025,Kumi Mukongoro,1788667200000,2026-09-06T04:00:00+00:00,2026-09-06T07:00:00+03:00,1.3237324418825676,33.88242633071136,21.27,0.0,12.48188,100.0,0.5584802,0.5920501,stale_gt_24h,2026-09-07T17:55:39Z
19216,511040,Ngora Kobwin,1788666300000,2026-09-06T03:45:00+00:00,2026-09-06T06:45:00+03:00,1.39931351040906,33.73855263826312,22.04,0.0,0.8239872,85.3,2.972457,4.623484,stale_gt_24h,2026-09-07T17:55:39Z
19410,511043,Rubanda KarengyereNARO,1788372900000,2026-09-02T18:15:00+00:00,2026-09-02T21:15:00+03:00,-1.5013701813774913,29.799892898679087,16.28,0.0,0.0,62.01,9.587091,,stale_gt_24h,2026-09-07T17:55:39Z
19505,511045,Kisoro KisoroTC,1713213900000,2024-04-15T20:45:00+00:00,2024-04-15T23:45:00+03:00,-1.2841889431001934,29.695174602451594,17.65,0.0,0.0,99.32,6.480659,,stale_gt_24h,2026-09-07T17:55:39Z
19560,511036,Rukungiri RukungiriTC,1788665400000,2026-09-06T03:30:00+00:00,2026-09-06T06:30:00+03:00,-0.7808564046815845,29.917433195617438,17.93,0.2,0.0,99.93,2.760357,,stale_gt_24h,2026-09-07T17:55:39Z
19644,511034,Ntungamo RukoneEast,1788665400000,2026-09-06T03:30:00+00:00,2026-09-06T06:30:00+03:00,-0.9046203381505015,30.533565585476143,17.12,0.0,0.0,100.0,1.668574,,stale_gt_24h,2026-09-07T17:55:39Z
19689,511063,Isingiro Mbaale SC,1788666300000,2026-09-06T03:45:00+00:00,2026-09-06T06:45:00+03:00,-0.8291405493719401,30.808353131652364,19.61,0.0,0.0,80.1,5.76791,6.469826,stale_gt_24h,2026-09-07T17:55:39Z
19913,512648,Rubanda Kachwekano,1788667200000,2026-09-06T04:00:00+00:00,2026-09-06T07:00:00+03:00,-1.2537330707054959,29.945778558677706,16.68574,0.0,2.105745,76.09064,8.276493,10.1503,stale_gt_24h,2026-09-07T17:55:39Z
20513,512647,Kitgum2 KitgumMC,1788667200000,2026-09-06T04:00:00+00:00,2026-09-06T07:00:00+03:00,3.3286228363831603,33.17663396976256,20.65,0.0,17.09011,999.0,3.305104,,stale_gt_24h;rh_sensor_suspect,2026-09-07T17:55:39Z
21602,44434,Mbarara NARO,1788667200000,2026-09-06T04:00:00+00:00,2026-09-06T07:00:00+03:00,-0.33833891722268084,30.54146940844358,19.01,0.0,1.190204,999.0,0.0,0.0,stale_gt_24h;rh_sensor_suspect,2026-09-07T17:55:39Z
22494,511046,Bukedea BukedeaTC,1788667200000,2026-09-06T04:00:00+00:00,2026-09-06T07:00:00+03:00,1.342847727045952,34.649542224588025,21.43,0.0,22.52232,86.33,0.0,0.0,stale_gt_24h,2026-09-07T17:55:39Z
22531,514574,Ntungamo NtungamoTC,1788667200000,2026-09-06T04:00:00+00:00,2026-09-06T07:00:00+03:00,-0.8761209809720846,30.259516496051997,16.65,0.0,0.0,100.0,0.0,,stale_gt_24h,2026-09-07T17:55:39Z
22745,860739,Tororo TororoMC,1788667200000,2026-09-06T04:00:00+00:00,2026-09-06T07:00:00+03:00,0.7423668603600962,34.161849655527455,21.04,100000.0,17.85306,100.0,0.1373312,,stale_gt_24h,2026-09-07T17:55:39Z
23068,44186,Hoima Bulindi,1788664500000,2026-09-06T03:15:00+00:00,2026-09-06T06:15:00+03:00,1.470772462479691,31.4386912026324,21.02693,0.0,0.0,100.0,1.161822,,stale_gt_24h,2026-09-07T17:55:39Z
23570,860744,Kabarole KyembogoNARO,1788666300000,2026-09-06T03:45:00+00:00,2026-09-06T06:45:00+03:00,0.7443828597704301,30.380985099783604,16.58808,0.0,0.0,99.99084,0.8445868,2.286564,stale_gt_24h,2026-09-07T17:55:39Z
24483,860745,EntebbeCity AirportBuku,1786895100000,2026-08-16T15:45:00+00:00,2026-08-16T18:45:00+03:00,0.1043312858137916,32.23583899969629,24.99,0.0,8.178836,77.87,9.45449,,stale_gt_24h,2026-09-07T17:55:39Z
24597,511024,Kanungu KirimaSC,1788666300000,2026-09-06T03:45:00+00:00,2026-09-06T06:45:00+03:00,-0.8672707154354954,29.74790956120633,16.42,0.0,0.0,100.0,4.040589,6.857405,stale_gt_24h,2026-09-07T17:55:39Z
24864,514562,Mubende MubendeMC2,1786395600000,2026-08-10T21:00:00+00:00,2026-08-11T00:00:00+03:00,1.2373484330899982,30.324444548975944,21.22,0.0,0.0,83.36,1.297017,,stale_gt_24h,2026-09-07T17:55:39Z
25494,45719,Wakiso KawandaNARO,1783498500000,2026-07-08T08:15:00+00:00,2026-07-08T11:15:00+03:00,0.5698997645366168,32.20750101965763,27.93622,0.0,520.9125,60.77668,6.196383,,stale_gt_24h,2026-09-07T17:55:39Z
25858,860733,Masindi MasindiMC,1788664500000,2026-09-06T03:15:00+00:00,2026-09-06T06:15:00+03:00,1.6865737058359251,31.7180084388423,20.47,0.0,0.0,100.0,1.159686,,stale_gt_24h,2026-09-07T17:55:39Z
25894,44432,NARO Serere2,1788667200000,2026-09-06T04:00:00+00:00,2026-09-06T07:00:00+03:00,1.5504933060533477,33.46741585899242,21.78,0.0,0.0,73.54,6.198215,8.023193,stale_gt_24h,2026-09-07T17:55:39Z
26314,511026,Buhweju BuhwejuTC,1788665400000,2026-09-06T03:30:00+00:00,2026-09-06T06:30:00+03:00,-0.3686700149800807,30.43683733224868,15.9411,0.0,14.22141,100.0,0.1861601,,stale_gt_24h,2026-09-07T17:55:39Z
26350,516055,Bushenyi PIBID2,1788665400000,2026-09-06T03:30:00+00:00,2026-09-06T06:30:00+03:00,-0.3428480344601056,30.1266636627057,12.12,0.0,0.0,100.0,2.475013,4.226749,stale_gt_24h,2026-09-07T17:55:39Z
26371,514572,EntebbeCity NMTS,1788667200000,2026-09-06T04:00:00+00:00,2026-09-06T07:00:00+03:00,0.002606807896645836,32.473426472813784,22.04,0.0,0.0,81.78,3.698787,5.12398,stale_gt_24h,2026-09-07T17:55:39Z
26934,863098,Kampala LubigiNWSC,1788665400000,2026-09-06T03:30:00+00:00,2026-09-06T06:30:00+03:00,0.3484443003214177,32.54699854725839,22.15763,0.0,6.073091,86.52933,1.788357,5.130083,stale_gt_24h,2026-09-07T17:55:39Z
27204,515136,Kirihura MburoNP,1788667200000,2026-09-06T04:00:00+00:00,2026-09-06T07:00:00+03:00,-0.3234862439717024,30.560432946049005,25.93,0.0,0.0,74.64,0.0,0.2014191,stale_gt_24h,2026-09-07T17:55:39Z
27429,853290,Tororo MoroTC,1788664500000,2026-09-06T03:15:00+00:00,2026-09-06T06:15:00+03:00,1.3428428130089038,33.56275980268706,21.57,0.0,0.0,93.79,1.70901,4.507515,stale_gt_24h,2026-09-07T17:55:39Z
27592,514557,Kampala MakerereUnv3,1788666300000,2026-09-06T03:45:00+00:00,2026-09-06T06:45:00+03:00,0.33697212557078904,32.56936018828287,21.78,0.0,0.0,77.73,3.421073,5.484092,stale_gt_24h,2026-09-07T17:55:39Z
27630,514559,Gulu Airfield2,1788665400000,2026-09-06T03:30:00+00:00,2026-09-06T06:30:00+03:00,2.3263403571085477,32.40697437013036,20.46,0.0,0.0,96.0,0.5218586,,stale_gt_24h,2026-09-07T17:55:39Z
27651,514554,Lamwo LamwoTC,1788667200000,2026-09-06T04:00:00+00:00,2026-09-06T07:00:00+03:00,3.5357323608589506,32.803087658956116,21.26,0.0,0.0,86.82,4.104677,4.748608,stale_gt_24h,2026-09-07T17:55:39Z
27771,853292,Palisa PallisaTC2,1788664500000,2026-09-06T03:15:00+00:00,2026-09-06T06:15:00+03:00,1.2056918724411045,33.32529418024038,22.51,0.0,0.0,89.19,0.3997864,,stale_gt_24h,2026-09-07T17:55:39Z
27791,511029,Kaliro KaliroTC1,1765947600000,2025-12-17T05:00:00+00:00,2025-12-17T08:00:00+03:00,0.9047591534465594,33.49603211912822,0.0,0.0,0.0,0.0,0.0,0.0,stale_gt_24h;all_zero_dead,2026-09-07T17:55:39Z
28037,1,Oyam OyamTC2,1788666300000,2026-09-06T03:45:00+00:00,2026-09-06T06:45:00+03:00,2.3851168101440323,32.51033274544169,20.81331,0.0,0.0,93.03273,4.876783,8.114748,stale_gt_24h,2026-09-07T17:55:39Z
28133,514567,Rukiga RwamuchuchuSC,1788667200000,2026-09-06T04:00:00+00:00,2026-09-06T07:00:00+03:00,-1.1472301560075653,30.060177558975358,13.56,0.0,0.0,94.75,3.463798,4.812696,stale_gt_24h,2026-09-07T17:55:39Z
28210,514564,Kiryandongo KiryandongoSF,1788664800000,2026-09-06T03:20:00+00:00,2026-09-06T06:20:00+03:00,-1.3358060276427375,30.433915352738985,21.23,0.0,0.0,95.25,6.314183,7.135119,stale_gt_24h,2026-09-07T17:55:39Z
28247,853287,KaberamaidoTC,1788667200000,2026-09-06T04:00:00+00:00,2026-09-06T07:00:00+03:00,1.320453709943724,33.24770628477731,20.64088,0.0,7.110704,85.3605,0.3723201,0.5828946,stale_gt_24h,2026-09-07T17:55:39Z
28282,49381,Amolatar NamasaleHCIII2,1788667200000,2026-09-06T04:00:00+00:00,2026-09-06T07:00:00+03:00,1.8872521016203698,33.03742034752745,23.26,0.0,2.899214,100.0,3.714046,5.148394,stale_gt_24h,2026-09-07T17:55:39Z
28357,518274,Amudat KaritaHCIV,1788641100000,2026-09-05T20:45:00+00:00,2026-09-05T23:45:00+03:00,1.5458578315550568,34.8354328642189,24.95,0.0,0.0,46.61,10.27512,13.57107,stale_gt_24h,2026-09-07T17:55:39Z
28465,518272,Nabilatuk NabilatukDLG,1788665400000,2026-09-06T03:30:00+00:00,2026-09-06T06:30:00+03:00,2.082698267794118,34.61368684706805,21.36,0.0,0.0,60.89,16.68162,23.00572,stale_gt_24h,2026-09-07T17:55:39Z
28650,518275,Nakapiripirit NabulengerHCII,1788665400000,2026-09-06T03:30:00+00:00,2026-09-06T06:30:00+03:00,1.83841986989746,34.56492053486064,21.55,0.0,0.0,61.86,13.50103,15.85763,stale_gt_24h,2026-09-07T17:55:39Z
28705,518273,Napak IririHCIII,1752217200000,2025-07-11T07:00:00+00:00,2025-07-11T10:00:00+03:00,2.1196097703760732,34.22819573752219,20.62,0.0,189.1814,81.49,7.230487,11.47814,stale_gt_24h,2026-09-07T17:55:39Z
28759,511035,Bududa BududaTC2,1788651900000,2026-09-05T23:45:00+00:00,2026-09-06T02:45:00+03:00,1.3558533886564803,33.63852349009425,18.38,0.0,4.821851,100.0,4.611277,,stale_gt_24h,2026-09-07T17:55:39Z
28835,518279,Karenga KidepoAirfield,1788664500000,2026-09-06T03:15:00+00:00,2026-09-06T06:15:00+03:00,3.4341914442091577,33.45165189192694,18.24,0.0,0.0,71.44,8.908216,,stale_gt_24h,2026-09-07T17:55:39Z
28935,518278,Kaabong SidokHCIII,1788667200000,2026-09-06T04:00:00+00:00,2026-09-06T07:00:00+03:00,3.359762318166894,34.11836848384472,19.53,0.0,29.29732,65.46,7.40673,,stale_gt_24h,2026-09-07T17:55:39Z
28985,518277,Abim AbimSS,1737510300000,2025-01-22T01:45:00+00:00,2025-01-22T04:45:00+03:00,2.711156421451457,33.66063783110482,21.48,0.0,0.0,77.88,4.013123,,stale_gt_24h,2026-09-07T17:55:39Z
29036,514566,Nabilatuk Nabuin ZARDI,1788660000000,2026-09-06T02:00:00+00:00,2026-09-06T05:00:00+03:00,1.715979049807608,34.511948005123884,20.08,0.0,0.0,60.93,0.906386,,stale_gt_24h,2026-09-07T17:55:39Z
29127,517852,Napak MatanyiTC,1772801100000,2026-03-06T12:45:00+00:00,2026-03-06T15:45:00+03:00,2.4313342517857968,34.402922400282144,25.64,0.0,827.2526,63.05,2.307164,6.454566,stale_gt_24h,2026-09-07T17:55:39Z
29180,517853,Moroto RupaSC,1788667200000,2026-09-06T04:00:00+00:00,2026-09-06T07:00:00+03:00,2.5900452367413713,34.66653171248527,18.79,0.0,22.36973,64.38,4.58381,6.051728,stale_gt_24h,2026-09-07T17:55:39Z
29306,514576,Butaleja ButalejaTC,1788665400000,2026-09-06T03:30:00+00:00,2026-09-06T06:30:00+03:00,0.6917937945698908,34.100263431697904,20.78,0.0,0.0,100.0,1.577935,,stale_gt_24h,2026-09-07T17:55:39Z
29347,862041,Kabale KabaleMC,1788667200000,2026-09-06T04:00:00+00:00,2026-09-06T07:00:00+03:00,-1.2463433961387986,29.989754125751375,13.14,0.0,3.784237,100.0,0.3913939,,stale_gt_24h,2026-09-07T17:55:39Z
29366,860740,Kasese Airfield,1788666300000,2026-09-06T03:45:00+00:00,2026-09-06T06:45:00+03:00,0.17360196261836544,30.066406402610614,21.05,0.0,0.0,86.21,0.4985122,,stale_gt_24h,2026-09-07T17:55:39Z
29385,860495,Kamuli KiigeNARO,1788666300000,2026-09-06T03:45:00+00:00,2026-09-06T06:45:00+03:00,0.9780874941173153,33.034981325696386,21.95926,0.0,0.0,91.97986,5.914397,7.080186,stale_gt_24h,2026-09-07T17:55:39Z
29407,860737,Soroti Airfield,1788036300000,2026-08-29T20:45:00+00:00,2026-08-29T23:45:00+03:00,1.7059006880758458,33.61446275351331,22.68,0.0,0.0,100.0,0.5809109,,stale_gt_24h,2026-09-07T17:55:39Z
29432,514563,Kikuube Hoima Sugar,1788663600000,2026-09-06T03:00:00+00:00,2026-09-06T06:00:00+03:00,1.2522232169858036,31.193281663802015,19.08,0.0,22.33921,97.11,8.081178,11.15435,stale_gt_24h,2026-09-07T17:55:39Z
29497,514558,Bulisa ButiabaHydro,1788666300000,2026-09-06T03:45:00+00:00,2026-09-06T06:45:00+03:00,2.1121348946393246,31.439589645052465,24.56,0.0,0.0,89.38,4.651407,,stale_gt_24h,2026-09-07T17:55:39Z
29529,514573,Bundibugyo BundibugyoTC,1788667200000,2026-09-06T04:00:00+00:00,2026-09-06T07:00:00+03:00,0.8066065030088658,30.278201942192023,22.99,0.0,0.0,83.96,4.597848,,stale_gt_24h,2026-09-07T17:55:39Z
29561,514560,Kikuube Hoima Airport,1788666300000,2026-09-06T03:45:00+00:00,2026-09-06T06:45:00+03:00,1.4907452558912158,31.317326295762165,19.73,0.0,8.239872,100.0,13.9295,,stale_gt_24h,2026-09-07T17:55:39Z
29593,514561,Pallisa KasodoSC,1788667200000,2026-09-06T04:00:00+00:00,2026-09-06T07:00:00+03:00,1.2366549475588047,33.61025532563391,21.38,0.0,14.95384,100.0,0.5603113,,stale_gt_24h,2026-09-07T17:55:39Z
29625,514519,Soroti University,1788665400000,2026-09-06T03:30:00+00:00,2026-09-06T06:30:00+03:00,1.7302291293049226,33.588118341660966,22.05,0.0,0.0,63.58,15.12016,,stale_gt_24h,2026-09-07T17:55:39Z
29756,862010,Nakasongola KalungiSC,1788664500000,2026-09-06T03:15:00+00:00,2026-09-06T06:15:00+03:00,1.2885516860448603,32.65653232749924,21.85397,0.0,0.0,93.44778,0.0,0.0,stale_gt_24h,2026-09-07T17:55:39Z
29787,862013,Kamuli Namasagali,1788667200000,2026-09-06T04:00:00+00:00,2026-09-06T07:00:00+03:00,1.0167594759514667,32.94954292738702,20.06,0.0,0.0,100.0,3.408866,7.635614,stale_gt_24h,2026-09-07T17:55:39Z
29823,860732,Kotido KotidoTC,1788664500000,2026-09-06T03:15:00+00:00,2026-09-06T06:15:00+03:00,3.00591361162501,34.11416887465956,19.1,0.0,0.0,87.37,0.0,0.0,stale_gt_24h,2026-09-07T17:55:39Z
29860,862011,Amolatar AmolatarTC,1788667200000,2026-09-06T04:00:00+00:00,2026-09-06T07:00:00+03:00,1.637575460991193,32.81732541217098,21.10476,0.0,4.760815,99.62768,0.0,0.0,stale_gt_24h,2026-09-07T17:55:39Z
29892,516056,Budaka BudakaTC2,1788667200000,2026-09-06T04:00:00+00:00,2026-09-06T07:00:00+03:00,0.11874037776622114,33.45428673061291,22.23,0.0,19.37896,90.16,3.595026,,stale_gt_24h,2026-09-07T17:55:39Z
29932,514577,Namutumba NamutumbaTC2,1788666300000,2026-09-06T03:45:00+00:00,2026-09-06T06:45:00+03:00,1.9770686056022093,33.55984585655153,21.0,0.0,0.0,99.81,1.30312,4.669261,stale_gt_24h,2026-09-07T17:55:39Z
30001,860741,Mbarara MbararaMC,1788667200000,2026-09-06T04:00:00+00:00,2026-09-06T07:00:00+03:00,-0.6127078546040265,30.640774425501434,19.89,0.0,1.159686,91.28,4.639048,5.953308,stale_gt_24h,2026-09-07T17:55:39Z
30033,45670,Apac ApacTC,1788666300000,2026-09-06T03:45:00+00:00,2026-09-06T06:45:00+03:00,1.9935858240166102,32.53159728585111,21.21,0.0,0.0,100.0,0.0,0.0,stale_gt_24h,2026-09-07T17:55:39Z
30066,49455,Kayunga DistrictAdmin,1788666101000,2026-09-06T03:41:41+00:00,2026-09-06T06:41:41+03:00,0.7131541758462888,32.894724975716215,0.0,0.0,0.0,0.0,0.0,,stale_gt_24h;all_zero_dead,2026-09-07T17:55:39Z
30143,860494,Lira NARONgetta,1788666300000,2026-09-06T03:45:00+00:00,2026-09-06T06:45:00+03:00,2.158933576420671,32.890875009653,20.27,0.0,0.7629511,98.83,5.883268,,stale_gt_24h,2026-09-07T17:55:39Z
30220,45708,Dokolo DokoloTC,1788641100000,2026-09-05T20:45:00+00:00,2026-09-05T23:45:00+03:00,1.9123362007546305,33.17305924314715,20.8835,0.0,0.0,86.36758,0.6962692,2.727398,stale_gt_24h,2026-09-07T17:55:39Z
30252,49521,Kyenjojo KyenjojoMC,1788666300000,2026-09-06T03:45:00+00:00,2026-09-06T06:45:00+03:00,0.6069967028958175,30.640367775447103,19.59411,0.0,0.0,68.81819,5.285725,7.937743,stale_gt_24h,2026-09-07T17:55:39Z
30283,514568,Kampala KyambogoUnv2,1788667200000,2026-09-06T04:00:00+00:00,2026-09-06T07:00:00+03:00,0.3163800721760668,32.5902699504339,21.58,0.0,0.0,81.01,5.726711,8.268711,stale_gt_24h,2026-09-07T17:55:39Z
30316,860746,Mayuge IkulweNARO,1788666300000,2026-09-06T03:45:00+00:00,2026-09-06T06:45:00+03:00,0.44039603493230456,33.478168101691864,100000.0,0.0,17.73098,100000.0,4.49897,,stale_gt_24h;rh_sensor_suspect;temp_sensor_suspect,2026-09-07T17:55:39Z
30347,860738,Bulambuli BuginyanyaNARO,1788666300000,2026-09-06T03:45:00+00:00,2026-09-06T06:45:00+03:00,1.2306567873896006,34.51359124516852,15.54,0.0,25.45205,98.04,0.1235981,,stale_gt_24h,2026-09-07T17:55:39Z
30381,45666,Mukono NtawoNARO,1788664500000,2026-09-06T03:15:00+00:00,2026-09-06T06:15:00+03:00,0.37857485556918585,32.72765410515215,21.0193,0.0,0.0,92.842,1.699855,4.135195,stale_gt_24h,2026-09-07T17:55:39Z
30411,45716,Lwengo KamenyamigoNARO,1788664500000,2026-09-06T03:15:00+00:00,2026-09-06T06:15:00+03:00,-0.2825899544672864,31.65837557754378,20.22,0.0,0.0,85.08,0.4913405,0.5279621,stale_gt_24h,2026-09-07T17:55:39Z
30443,45693,Kaliro Nawaikoke2HCIII,1741254738000,2025-03-06T09:52:18+00:00,2025-03-06T12:52:18+03:00,1.7723102475783283,33.15471064593079,17.57,100000.0,100000.0,93.78,0.5127031,0.0,stale_gt_24h,2026-09-07T17:55:39Z
30476,518276,Moroto Airfield,1788667200000,2026-09-06T04:00:00+00:00,2026-09-06T07:00:00+03:00,2.4965183314305284,34.59695329191295,18.12,0.0,31.1284,66.11,6.138705,,stale_gt_24h,2026-09-07T17:55:39Z
30518,45678,Kwania AdukuTC,1788666300000,2026-09-06T03:45:00+00:00,2026-09-06T06:45:00+03:00,2.0202936148540793,32.725008288601664,20.88,0.0,0.0,999.0,0.0,0.0,stale_gt_24h;rh_sensor_suspect,2026-09-07T17:55:39Z
30600,514575,Buvuma BuvumaCollege,1788667200000,2026-09-06T04:00:00+00:00,2026-09-06T07:00:00+03:00,0.19468067500158087,33.299018628600095,22.28,0.0,0.0,77.34,3.18883,,stale_gt_24h,2026-09-07T17:55:39Z
30695,514556,EntebbeCity AirportNMC,1788667200000,2026-09-06T04:00:00+00:00,2026-09-06T07:00:00+03:00,-0.34456617960806996,30.465869937108824,21.83,0.0,8.27039,84.13,8.484016,10.63554,stale_gt_24h,2026-09-07T17:55:39Z
30757,860735,Arua Airfield,1788667200000,2026-09-06T04:00:00+00:00,2026-09-06T07:00:00+03:00,3.018943282833077,30.89974734831659,19.95,0.0,5.859465,100.0,5.389486,7.281605,stale_gt_24h,2026-09-07T17:55:39Z
30820,518844,Kanungu MatandaHCIII,1788667200000,2026-09-06T04:00:00+00:00,2026-09-06T07:00:00+03:00,-0.6462991873521055,29.745905624639907,20.01,0.0,0.0,84.49,7.3579,9.005875,stale_gt_24h,2026-09-07T17:55:39Z
31267,518847,Bukedea Kachumbala SC,1788666600000,2026-09-06T03:50:00+00:00,2026-09-06T06:50:00+03:00,1.2228328683173006,34.11112885418248,21.59,0.0,0.0,68.36,3.955139,5.349813,stale_gt_24h,2026-09-07T17:55:39Z
31441,518845,Kapchorwa KapchorwaTC,1788664200000,2026-09-06T03:10:00+00:00,2026-09-06T06:10:00+03:00,1.3937578031405597,34.454191774289086,24.18,0.0,,48.64,0.0,0.1312276,stale_gt_24h,2026-09-07T17:55:39Z
31495,518862,Kapchorwa SipiTC,1788667200000,2026-09-06T04:00:00+00:00,2026-09-06T07:00:00+03:00,1.2253258579106523,34.36328599521758,18.55,0.0,0.0,66.77,2.310216,4.159609,stale_gt_24h,2026-09-07T17:55:39Z
31567,518860,Bulambuli Bunambutye HCIII,1788666300000,2026-09-06T03:45:00+00:00,2026-09-06T06:45:00+03:00,1.4527664052944829,34.356594665000316,20.58,0.0,0.0,68.34,5.923553,6.796369,stale_gt_24h,2026-09-07T17:55:39Z
31712,518846,Sironko SironkoTC,1788667200000,2026-09-06T04:00:00+00:00,2026-09-06T07:00:00+03:00,1.2340139324036996,34.24264248255901,14.85,0.0,0.0,32.19,6.372168,8.377203,stale_gt_24h,2026-09-07T17:55:39Z
31809,518861,Bulambuli Bulegeni NARO,1788667200000,2026-09-06T04:00:00+00:00,2026-09-06T07:00:00+03:00,1.303054579455672,34.31997856666972,19.68,0.0,0.0,68.35,3.558404,5.200274,stale_gt_24h,2026-09-07T17:55:39Z
32252,518843,Isingiro KabuyandaTC,1788667200000,2026-09-06T04:00:00+00:00,2026-09-06T07:00:00+03:00,-0.9546487817227475,30.63015987810181,15.62,0.0,0.0,87.81,2.450599,4.623484,stale_gt_24h,2026-09-07T17:55:39Z
32414,518863,Sironko Bugusege NARO,1788667200000,2026-09-06T04:00:00+00:00,2026-09-06T07:00:00+03:00,1.3286756634960717,33.6781241133841,19.64,0.0,132.4483,72.31,7.354848,,stale_gt_24h,2026-09-07T17:55:39Z
