node_id,station_code,station_name,latitude,longitude,first_seen_utc,last_reading_utc,last_scraped_utc
4277,45714,Buyende Bugaya,0.6015570053478482,33.31477771355948,2026-09-07T17:55:39Z,2024-08-16T18:29:23+00:00,2026-09-07T17:57:05Z
8765,45675,Serere Bugondo,1.0983573392522934,33.65205447476432,2026-09-07T17:55:39Z,2026-09-06T03:15:00+00:00,2026-09-07T17:57:05Z
10370,512617,Buyende Kidera1,1.1459869526683262,33.2821782291307,2026-09-07T17:55:39Z,2026-09-06T04:00:00+00:00,2026-09-07T17:57:05Z
12322,853288,Mukono MpomaNARO,0.4251805935695194,32.763487192995065,2026-09-07T17:55:39Z,2026-09-06T03:30:00+00:00,2026-09-07T17:57:05Z
14926,45633,NARO NaFIRRI,1.2347625733581291,34.564206333264316,2026-09-07T17:55:39Z,2026-09-03T20:45:00+00:00,2026-09-07T17:57:05Z
15657,45702,Kaberamaido Ochero,1.6766472239456702,33.011873452866304,2026-09-07T17:55:39Z,2024-08-16T14:22:28+00:00,2026-09-07T17:57:05Z
18560,511047,Sheema SheemaTC,-0.5972335371184208,30.35640273256608,2026-09-07T17:55:39Z,2026-08-18T11:00:00+00:00,2026-09-07T17:57:05Z
18638,511041,Rubirizi RubiriziTC,0.1191909485056873,30.339937913641936,2026-09-07T17:55:39Z,2026-09-06T04:00:00+00:00,2026-09-07T17:57:05Z
18675,511038,Bushenyi KyamuhungaTC,-0.42709398092652173,30.060370889957284,2026-09-07T17:55:39Z,2026-09-06T03:45:00+00:00,2026-09-07T17:57:05Z
18748,511032,Mitooma MitoomaTC,-0.6187294103576227,30.020223570040237,2026-09-07T17:55:39Z,2026-09-03T19:36:50+00:00,2026-09-07T17:57:05Z
18831,511028,Kibuku KadamaTC,1.2368693857906168,33.75330683558568,2026-09-07T17:55:39Z,2026-09-06T03:45:00+00:00,2026-09-07T17:57:05Z
19036,511025,Kumi Mukongoro,1.3298609285285934,33.88772181005223,2026-09-07T17:55:39Z,2026-09-06T04:00:00+00:00,2026-09-07T17:57:05Z
19216,511040,Ngora Kobwin,1.3939792228035022,33.743545786415766,2026-09-07T17:55:39Z,2026-09-06T03:45:00+00:00,2026-09-07T17:57:05Z
19410,511043,Rubanda KarengyereNARO,-1.4984476680394139,29.792375616221186,2026-09-07T17:55:39Z,2026-09-02T18:15:00+00:00,2026-09-07T17:57:05Z
19505,511045,Kisoro KisoroTC,-1.2859544502450186,29.692312853040846,2026-09-07T17:55:39Z,2024-04-15T20:45:00+00:00,2026-09-07T17:57:05Z
19560,511036,Rukungiri RukungiriTC,-0.7789314549007813,29.92342220888078,2026-09-07T17:55:39Z,2026-09-06T03:30:00+00:00,2026-09-07T17:57:05Z
19644,511034,Ntungamo RukoneEast,-0.9061492484645459,30.536566774834903,2026-09-07T17:55:39Z,2026-09-06T03:30:00+00:00,2026-09-07T17:57:05Z
19689,511063,Isingiro Mbaale SC,-0.8297050527303856,30.807818446036624,2026-09-07T17:55:39Z,2026-09-06T03:45:00+00:00,2026-09-07T17:57:05Z
19913,512648,Rubanda Kachwekano,-1.2465899632018778,29.946485682663912,2026-09-07T17:55:39Z,2026-09-06T04:00:00+00:00,2026-09-07T17:57:05Z
20513,512647,Kitgum2 KitgumMC,3.327721860018845,33.17936848744354,2026-09-07T17:55:39Z,2026-09-06T04:00:00+00:00,2026-09-07T17:57:05Z
21602,44434,Mbarara NARO,-0.3421992721195366,30.538637483927694,2026-09-07T17:55:39Z,2026-09-06T04:00:00+00:00,2026-09-07T17:57:05Z
22494,511046,Bukedea BukedeaTC,1.3442494631250472,34.65158976991608,2026-09-07T17:55:39Z,2026-09-06T04:00:00+00:00,2026-09-07T17:57:05Z
22531,514574,Ntungamo NtungamoTC,-0.8779426185610174,30.263027196220115,2026-09-07T17:55:39Z,2026-09-06T04:00:00+00:00,2026-09-07T17:57:05Z
22745,860739,Tororo TororoMC,0.7356470079824516,34.162717107409094,2026-09-07T17:55:39Z,2026-09-06T04:00:00+00:00,2026-09-07T17:57:05Z
23068,44186,Hoima Bulindi,1.469705396527839,31.442458479367616,2026-09-07T17:55:39Z,2026-09-06T03:15:00+00:00,2026-09-07T17:57:05Z
23570,860744,Kabarole KyembogoNARO,0.7364006481553036,30.378337318884036,2026-09-07T17:55:39Z,2026-09-06T03:45:00+00:00,2026-09-07T17:57:05Z
24483,860745,EntebbeCity AirportBuku,0.09793774533082704,32.23783307429319,2026-09-07T17:55:39Z,2026-08-16T15:45:00+00:00,2026-09-07T17:57:05Z
24597,511024,Kanungu KirimaSC,-0.8661638848071667,29.746400870112588,2026-09-07T17:55:39Z,2026-09-06T03:45:00+00:00,2026-09-07T17:57:05Z
24864,514562,Mubende MubendeMC2,1.2303703512549449,30.326172836828036,2026-09-07T17:55:39Z,2026-08-10T21:00:00+00:00,2026-09-07T17:57:05Z
25494,45719,Wakiso KawandaNARO,0.5708851908498916,32.21170351127296,2026-09-07T17:55:39Z,2026-07-08T08:15:00+00:00,2026-09-07T17:57:05Z
25858,860733,Masindi MasindiMC,1.682624036493746,31.719161758947397,2026-09-07T17:55:39Z,2026-09-06T03:15:00+00:00,2026-09-07T17:57:05Z
25894,44432,NARO Serere2,1.5515907003319367,33.46879598683403,2026-09-07T17:55:39Z,2026-09-06T04:00:00+00:00,2026-09-07T17:57:05Z
26314,511026,Buhweju BuhwejuTC,-0.3620225090526642,30.441388596639065,2026-09-07T17:55:39Z,2026-09-06T03:30:00+00:00,2026-09-07T17:57:05Z
26350,516055,Bushenyi PIBID2,-0.34637977808950443,30.122144399064865,2026-09-07T17:55:39Z,2026-09-06T03:30:00+00:00,2026-09-07T17:57:05Z
26371,514572,EntebbeCity NMTS,0.0032444365657324542,32.47491749918494,2026-09-07T17:55:39Z,2026-09-06T04:00:00+00:00,2026-09-07T17:57:05Z
26934,863098,Kampala LubigiNWSC,0.3475796494017271,32.54517208261825,2026-09-07T17:55:39Z,2026-09-06T03:30:00+00:00,2026-09-07T17:57:05Z
27204,515136,Kirihura MburoNP,-0.32615973382993363,30.5631986779982,2026-09-07T17:55:39Z,2026-09-06T04:00:00+00:00,2026-09-07T17:57:05Z
27429,853290,Tororo MoroTC,1.3431523294574088,33.56023954857335,2026-09-07T17:55:39Z,2026-09-06T03:15:00+00:00,2026-09-07T17:57:05Z
27592,514557,Kampala MakerereUnv3,0.33622145894569166,32.570937788356964,2026-09-07T17:55:39Z,2026-09-06T03:45:00+00:00,2026-09-07T17:57:05Z
27630,514559,Gulu Airfield2,2.332675222763257,32.40192770289441,2026-09-07T17:55:39Z,2026-09-06T03:30:00+00:00,2026-09-07T17:57:05Z
27651,514554,Lamwo LamwoTC,3.5372987714925075,32.79604814800332,2026-09-07T17:55:39Z,2026-09-06T04:00:00+00:00,2026-09-07T17:57:05Z
27771,853292,Palisa PallisaTC2,1.2018492679150925,33.32205453840689,2026-09-07T17:55:39Z,2026-09-06T03:15:00+00:00,2026-09-07T17:57:05Z
27791,511029,Kaliro KaliroTC1,0.91215427059999,33.49371449647175,2026-09-07T17:55:39Z,2025-12-17T05:00:00+00:00,2026-09-07T17:57:05Z
28037,1,Oyam OyamTC2,2.388856666556179,32.51149745552418,2026-09-07T17:55:39Z,2026-09-06T03:45:00+00:00,2026-09-07T17:57:05Z
28133,514567,Rukiga RwamuchuchuSC,-1.1470318927474008,30.066070529556615,2026-09-07T17:55:39Z,2026-09-06T04:00:00+00:00,2026-09-07T17:57:05Z
28210,514564,Kiryandongo KiryandongoSF,-1.3428450634921025,30.438741788733847,2026-09-07T17:55:39Z,2026-09-06T03:20:00+00:00,2026-09-07T17:57:05Z
28247,853287,KaberamaidoTC,1.3218234182162258,33.24581150418031,2026-09-07T17:55:39Z,2026-09-06T04:00:00+00:00,2026-09-07T17:57:05Z
28282,49381,Amolatar NamasaleHCIII2,1.8888003874077013,33.03366142509198,2026-09-07T17:55:39Z,2026-09-06T04:00:00+00:00,2026-09-07T17:57:05Z
28357,518274,Amudat KaritaHCIV,1.549927242639447,34.83589776213516,2026-09-07T17:55:39Z,2026-09-05T20:45:00+00:00,2026-09-07T17:57:05Z
28465,518272,Nabilatuk NabilatukDLG,2.0829429983316374,34.60683137634532,2026-09-07T17:55:39Z,2026-09-06T03:30:00+00:00,2026-09-07T17:57:05Z
28650,518275,Nakapiripirit NabulengerHCII,1.839079289979545,34.569168809584596,2026-09-07T17:55:39Z,2026-09-06T03:30:00+00:00,2026-09-07T17:57:05Z
28705,518273,Napak IririHCIII,2.118301023416685,34.22371741943484,2026-09-07T17:55:39Z,2025-07-11T07:00:00+00:00,2026-09-07T17:57:05Z
28759,511035,Bududa BududaTC2,1.3614825922450142,33.64356634923619,2026-09-07T17:55:39Z,2026-09-05T23:45:00+00:00,2026-09-07T17:57:05Z
28835,518279,Karenga KidepoAirfield,3.4288764618728385,33.448243737324844,2026-09-07T17:55:39Z,2026-09-06T03:15:00+00:00,2026-09-07T17:57:05Z
28935,518278,Kaabong SidokHCIII,3.3587844488617717,34.12279286522288,2026-09-07T17:55:39Z,2026-09-06T04:00:00+00:00,2026-09-07T17:57:05Z
28985,518277,Abim AbimSS,2.7075341126310337,33.662653580364065,2026-09-07T17:55:39Z,2025-01-22T01:45:00+00:00,2026-09-07T17:57:05Z
29036,514566,Nabilatuk Nabuin ZARDI,1.7137875163412777,34.514341796067434,2026-09-07T17:55:39Z,2026-09-06T02:00:00+00:00,2026-09-07T17:57:05Z
29127,517852,Napak MatanyiTC,2.436117957862627,34.4072274931619,2026-09-07T17:55:39Z,2026-03-06T12:45:00+00:00,2026-09-07T17:57:05Z
29180,517853,Moroto RupaSC,2.5831261080919274,34.67476660170518,2026-09-07T17:55:39Z,2026-09-06T04:00:00+00:00,2026-09-07T17:57:05Z
29306,514576,Butaleja ButalejaTC,0.6932756162214531,34.1037566921605,2026-09-07T17:55:39Z,2026-09-06T03:30:00+00:00,2026-09-07T17:57:05Z
29347,862041,Kabale KabaleMC,-1.2515504190542401,29.988980722788526,2026-09-07T17:55:39Z,2026-09-06T04:00:00+00:00,2026-09-07T17:57:05Z
29366,860740,Kasese Airfield,0.16857042247000598,30.07147154008036,2026-09-07T17:55:39Z,2026-09-06T03:45:00+00:00,2026-09-07T17:57:05Z
29385,860495,Kamuli KiigeNARO,0.9838518504753376,33.032846736568345,2026-09-07T17:55:39Z,2026-09-06T03:45:00+00:00,2026-09-07T17:57:05Z
29407,860737,Soroti Airfield,1.7083816822446969,33.60971498936121,2026-09-07T17:55:39Z,2026-08-29T20:45:00+00:00,2026-09-07T17:57:05Z
29432,514563,Kikuube Hoima Sugar,1.2565845845271142,31.19336614843248,2026-09-07T17:55:39Z,2026-09-06T03:00:00+00:00,2026-09-07T17:57:05Z
29497,514558,Bulisa ButiabaHydro,2.1111638434765725,31.44369096198698,2026-09-07T17:55:39Z,2026-09-06T03:45:00+00:00,2026-09-07T17:57:05Z
29529,514573,Bundibugyo BundibugyoTC,0.8074753605843509,30.277911547878837,2026-09-07T17:55:39Z,2026-09-06T04:00:00+00:00,2026-09-07T17:57:05Z
29561,514560,Kikuube Hoima Airport,1.4921508115530042,31.315456043902216,2026-09-07T17:55:39Z,2026-09-06T03:45:00+00:00,2026-09-07T17:57:05Z
29593,514561,Pallisa KasodoSC,1.229493029615719,33.60856928882428,2026-09-07T17:55:39Z,2026-09-06T04:00:00+00:00,2026-09-07T17:57:05Z
29625,514519,Soroti University,1.7253268628787324,33.5931095649744,2026-09-07T17:55:39Z,2026-09-06T03:30:00+00:00,2026-09-07T17:57:05Z
29756,862010,Nakasongola KalungiSC,1.285986546366728,32.66439524973869,2026-09-07T17:55:39Z,2026-09-06T03:15:00+00:00,2026-09-07T17:57:05Z
29787,862013,Kamuli Namasagali,1.0176573077088782,32.952838744968105,2026-09-07T17:55:39Z,2026-09-06T04:00:00+00:00,2026-09-07T17:57:05Z
29823,860732,Kotido KotidoTC,3.009323969418166,34.11207985230621,2026-09-07T17:55:39Z,2026-09-06T03:15:00+00:00,2026-09-07T17:57:05Z
29860,862011,Amolatar AmolatarTC,1.6444626144934487,32.81516265976702,2026-09-07T17:55:39Z,2026-09-06T04:00:00+00:00,2026-09-07T17:57:05Z
29892,516056,Budaka BudakaTC2,0.11593896246955084,33.44991642155503,2026-09-07T17:55:39Z,2026-09-06T04:00:00+00:00,2026-09-07T17:57:05Z
29932,514577,Namutumba NamutumbaTC2,1.973084890252192,33.5590488016078,2026-09-07T17:55:39Z,2026-09-06T03:45:00+00:00,2026-09-07T17:57:05Z
30001,860741,Mbarara MbararaMC,-0.6113968945121854,30.637223933342717,2026-09-07T17:55:39Z,2026-09-06T04:00:00+00:00,2026-09-07T17:57:05Z
30033,45670,Apac ApacTC,1.9949525885559902,32.53975441351009,2026-09-07T17:55:39Z,2026-09-06T03:45:00+00:00,2026-09-07T17:57:05Z
30066,49455,Kayunga DistrictAdmin,0.7214271649494735,32.89418337958506,2026-09-07T17:55:39Z,2026-09-06T03:41:41+00:00,2026-09-07T17:57:05Z
30143,860494,Lira NARONgetta,2.1561303083717545,32.89221644268618,2026-09-07T17:55:39Z,2026-09-06T03:45:00+00:00,2026-09-07T17:57:05Z
30220,45708,Dokolo DokoloTC,1.9195934240220827,33.176366802474575,2026-09-07T17:55:39Z,2026-09-05T20:45:00+00:00,2026-09-07T17:57:05Z
30252,49521,Kyenjojo KyenjojoMC,0.611185243783567,30.636606915259605,2026-09-07T17:55:39Z,2026-09-06T03:45:00+00:00,2026-09-07T17:57:05Z
30283,514568,Kampala KyambogoUnv2,0.3194197155623139,32.59817132116312,2026-09-07T17:55:39Z,2026-09-06T04:00:00+00:00,2026-09-07T17:57:05Z
30316,860746,Mayuge IkulweNARO,0.4428801389999769,33.47750000339563,2026-09-07T17:55:39Z,2026-09-06T03:45:00+00:00,2026-09-07T17:57:05Z
30347,860738,Bulambuli BuginyanyaNARO,1.2271562569281773,34.51420963842824,2026-09-07T17:55:39Z,2026-09-06T03:45:00+00:00,2026-09-07T17:57:05Z
30381,45666,Mukono NtawoNARO,0.38144550811671324,32.72649209012028,2026-09-07T17:55:39Z,2026-09-06T03:15:00+00:00,2026-09-07T17:57:05Z
30411,45716,Lwengo KamenyamigoNARO,-0.284207035096199,31.663984575074824,2026-09-07T17:55:39Z,2026-09-06T03:15:00+00:00,2026-09-07T17:57:05Z
30443,45693,Kaliro Nawaikoke2HCIII,1.773148151126144,33.15581051685114,2026-09-07T17:55:39Z,2025-03-06T09:52:18+00:00,2026-09-07T17:57:05Z
30476,518276,Moroto Airfield,2.501451749693168,34.59779621922771,2026-09-07T17:55:39Z,2026-09-06T04:00:00+00:00,2026-09-07T17:57:05Z
30518,45678,Kwania AdukuTC,2.0171413227437234,32.71714868707857,2026-09-07T17:55:39Z,2026-09-06T03:45:00+00:00,2026-09-07T17:57:05Z
30600,514575,Buvuma BuvumaCollege,0.2004142321086355,33.29214216234183,2026-09-07T17:55:39Z,2026-09-06T04:00:00+00:00,2026-09-07T17:57:05Z
30695,514556,EntebbeCity AirportNMC,-0.34270430348224445,30.465119056090067,2026-09-07T17:55:39Z,2026-09-06T04:00:00+00:00,2026-09-07T17:57:05Z
30757,860735,Arua Airfield,3.0216874456639546,30.904043336734507,2026-09-07T17:55:39Z,2026-09-06T04:00:00+00:00,2026-09-07T17:57:05Z
30820,518844,Kanungu MatandaHCIII,-0.6537610636982836,29.741845880547718,2026-09-07T17:55:39Z,2026-09-06T04:00:00+00:00,2026-09-07T17:57:05Z
31267,518847,Bukedea Kachumbala SC,1.2226408591445581,34.11185225469726,2026-09-07T17:55:39Z,2026-09-06T03:50:00+00:00,2026-09-07T17:57:05Z
31441,518845,Kapchorwa KapchorwaTC,1.3914471126997399,34.44672853258957,2026-09-07T17:55:39Z,2026-09-06T03:10:00+00:00,2026-09-07T17:57:05Z
31495,518862,Kapchorwa SipiTC,1.2260765450546438,34.3670421426726,2026-09-07T17:55:39Z,2026-09-06T04:00:00+00:00,2026-09-07T17:57:05Z
31567,518860,Bulambuli Bunambutye HCIII,1.4555144115075755,34.35810242928445,2026-09-07T17:55:39Z,2026-09-06T03:45:00+00:00,2026-09-07T17:57:05Z
31712,518846,Sironko SironkoTC,1.235647763694652,34.24189020568026,2026-09-07T17:55:39Z,2026-09-06T04:00:00+00:00,2026-09-07T17:57:05Z
31809,518861,Bulambuli Bulegeni NARO,1.3027164917513117,34.320566760337705,2026-09-07T17:55:39Z,2026-09-06T04:00:00+00:00,2026-09-07T17:57:05Z
32252,518843,Isingiro KabuyandaTC,-0.9482019234551208,30.62954766983032,2026-09-07T17:55:39Z,2026-09-06T04:00:00+00:00,2026-09-07T17:57:05Z
32307,518864,Kapchorwa KawowoSC,1.3426914248405977,34.32542792854805,2026-09-07T17:55:39Z,,2026-09-07T17:57:05Z
32414,518863,Sironko Bugusege NARO,1.3220694375261794,33.67798867621743,2026-09-07T17:55:39Z,2026-09-06T04:00:00+00:00,2026-09-07T17:57:05Z
