node_id,station_code,station_name,latitude,longitude,epoch_ms,ts_utc,ts_eat,t_air_c,rain_mm,solar_wm2,rh_pct,wind_kmh,wind_max_kmh,delayed_metrics,quality_flags,first_seen_utc,last_seen_utc,revisions
24864,514562,Mubende MubendeMC2,1.2337864377294363,30.327527139212275,1786395600000,2026-08-10T21:00:00+00:00,2026-08-11T00:00:00+03:00,21.22,0.0,0.0,83.36,1.297017,,,,2026-09-07T18:14:50Z,2026-10-03T08:57:05Z,0
24483,860745,EntebbeCity AirportBuku,0.09822006591206939,32.232094187247235,1786895100000,2026-08-16T15:45:00+00:00,2026-08-16T18:45:00+03:00,24.99,0.0,8.178836,77.87,9.45449,,,,2026-09-07T18:14:50Z,2026-09-09T06:56:04Z,0
24483,860745,EntebbeCity AirportBuku,0.09822006591206939,32.232094187247235,1786897603000,2026-08-16T16:26:43+00:00,2026-08-16T19:26:43+03:00,0.0,0.0,9.735255,0.0,3.683528,,,temp_rh_dead,2026-09-09T07:26:03Z,2026-09-09T07:26:03Z,1
18560,511047,Sheema SheemaTC,-0.5986420295686653,30.358712382550195,1787050800000,2026-08-18T11:00:00+00:00,2026-08-18T14:00:00+03:00,27.19,0.0,279.5758,50.76,8.209353,12.68025,,,2026-09-07T18:14:50Z,2026-10-03T08:57:05Z,0
29407,860737,Soroti Airfield,1.7125019696651427,33.60989885031907,1788036300000,2026-08-29T20:45:00+00:00,2026-08-29T23:45:00+03:00,22.68,0.0,0.0,100.0,0.5809109,,,,2026-09-07T18:14:50Z,2026-09-16T14:56:03Z,0
29407,860737,Soroti Airfield,1.7125019696651427,33.60989885031907,1788063300000,2026-08-30T04:15:00+00:00,2026-08-30T07:15:00+03:00,19.49,0.0,42.05386,99.81,10.41108,,,,2026-09-16T15:26:03Z,2026-09-16T15:26:03Z,0
29407,860737,Soroti Airfield,1.7125019696651427,33.60989885031907,1788092100000,2026-08-30T12:15:00+00:00,2026-08-30T15:15:00+03:00,31.42,0.0,788.8914,60.95,0.6385901,,,,2026-09-16T15:56:03Z,2026-09-16T15:56:03Z,0
29407,860737,Soroti Airfield,1.7125019696651427,33.60989885031907,1788111000000,2026-08-30T17:30:00+00:00,2026-08-30T20:30:00+03:00,26.4,0.0,0.0,77.96,9.043259,,,,2026-09-16T16:26:03Z,2026-09-16T16:26:03Z,0
29407,860737,Soroti Airfield,1.7125019696651427,33.60989885031907,1788128100000,2026-08-30T22:15:00+00:00,2026-08-31T01:15:00+03:00,21.93,0.0,0.0,100.0,0.6715496,,,,2026-09-16T16:56:03Z,2026-09-16T16:56:03Z,0
29407,860737,Soroti Airfield,1.7125019696651427,33.60989885031907,1788154200000,2026-08-31T05:30:00+00:00,2026-08-31T08:30:00+03:00,22.01,0.0,341.0086,98.88,14.26734,,,,2026-09-16T17:26:04Z,2026-09-16T17:26:04Z,0
29407,860737,Soroti Airfield,1.7125019696651427,33.60989885031907,1788183000000,2026-08-31T13:30:00+00:00,2026-08-31T16:30:00+03:00,30.79,0.0,197.116,58.43,0.6015106,,,,2026-09-16T17:56:05Z,2026-09-16T17:56:05Z,0
